BOND_LISTS,GOVIE_TICKERS,CURRENCIES,PROVIES,AUSSIE_STATES
CAD_Govt_CA,CTB,USD,ALTA,TCV
CAD_Provinces,CTBW,CAD,ONT,NSWTC
CAD_CANHOU,CAN,JPY,BRCOL,WATC
CAD_Bill_CA,ONT,AUD,Q,QTC
USD_Agencies,Q,EUR,,
USD_Govt_US,BRCOL,,,
USD_Bill_US,ALTA,,,
EUR_Agencies,CANHOU,,,
EUR_Govt_AT,T,,,
EUR_Bills_EEA,CMB,,,
EUR_Govt_BE,B,,,
EUR_Govt_DE,DE,,,
EUR_Govt_FR,DTB,,,
EUR_Govt_IE,BUBILL,,,
EUR_Govt_NL,EU,,,
EUR_Govt_FI,EUB,,,
JPY_Govt_Japan,FRTR,,,
JPY_Bills_JP,RFTB,,,
AUD_Agencies,BTF,,,
AUD_Bills,RAGB,,,
AUD_Govt_AU,RATB,,,
AUD_States,RFGB,,,
,IRISH,,,
,IRTB,,,
,BGB,,,
,RFGB,,,
,NETHER,,,
,JGB,,,
,JTDB,,,
,ACTB,,,
,ACGB,,,
,BGTB,,,
,TCV,,,
,NSWTC,,,
,WATC,,,
,QTC,,,
